{
  "name": "Rikka Alice",
  "vendorId": "0x5249",
  "productId": "0x414C",
  "matrix": {
    "rows": 12,
    "cols": 8
  },
  "layouts": {
    "keymap": [
      [
        {
          "y": 0.2,
          "x": 0.25
        },
        "0,0",
        {
          "x": 12.7
        },
        "6,5",
        {
          "x": 0.25
        },
        "6,6"
      ],
      [
        {
          "y": 0.25,
          "x": 0.5,
          "f": 1
        },
        "1,0",
        {
          "x": 12.95,
          "w": 2
        },
        "7,6"
      ],
      [
        {
          "x": 0.25,
          "w": 1.5
        },
        "2,0",
        {
          "x": 12.45
        },
        "8,6",
        {
          "f": 3,
          "w": 1.5
        },
        "8,7"
      ],
      [
        {
          "x": 0.15,
          "f": 1,
          "w": 1.75
        },
        "3,0",
        {
          "x": 12.65,
          "w": 2.25
        },
        "9,6"
      ],
      [
        {
          "w": 2.25
        },
        "4,0",
        {
          "x": 11.95,
          "w": 1.75
        },
        "10,6",
        {
          "f": 3
        },
        "10,7"
      ],
      [
        {
          "f": 1,
          "w": 1.5
        },
        "5,0",
        {
          "x": 12.45,
          "f": 3,
          "w": 1.5
        },
        "11,2",
        {
          "w": 1.5
        },
        "11,3"
      ],
      [
        {
          "r": 2,
          "y": -6.3,
          "x": 1.5
        },
        "0,1"
      ],
      [
        {
          "y": 0.23750000000000004,
          "x": 1.575,
          "f": 1
        },
        "1,1"
      ],
      [
        {
          "x": 1.85
        },
        "2,1"
      ],
      [
        {
          "r": 3,
          "y": -0.04999999999999982,
          "x": 2.125
        },
        "3,1"
      ],
      [
        {
          "r": 4,
          "y": -4.2875,
          "x": 2.5375,
          "f": 3
        },
        "0,2"
      ],
      [
        {
          "r": 5,
          "y": 0.1875,
          "x": 2.675,
          "f": 1
        },
        "1,2"
      ],
      [
        {
          "x": 3.0125
        },
        "2,2"
      ],
      [
        {
          "y": 1,
          "x": 2.7
        },
        "4,1"
      ],
      [
        {
          "r": 6,
          "y": -2.0625,
          "x": 3.3375
        },
        "3,2"
      ],
      [
        {
          "r": 7,
          "y": -3.0625,
          "x": 3.7375
        },
        "1,3"
      ],
      [
        {
          "x": 4.1125
        },
        "2,3"
      ],
      [
        {
          "y": 1,
          "x": 3.875
        },
        "4,2"
      ],
      [
        {
          "y": 0.012500000000000178,
          "x": 3.05,
          "w": 1.5
        },
        "5,1"
      ],
      [
        {
          "rx": 3,
          "ry": 4.25,
          "y": -3.9875,
          "x": 0.08749999999999991,
          "f": 3
        },
        "0,3"
      ],
      [
        {
          "r": 9,
          "rx": 0,
          "ry": 0,
          "y": 0.95,
          "x": 4.8,
          "f": 1
        },
        "1,4"
      ],
      [
        {
          "y": 1.0000000000000002,
          "x": 4.5375
        },
        "3,3"
      ],
      [
        {
          "rx": 3,
          "ry": 4.25,
          "y": -4.025,
          "x": 0.9874999999999998,
          "f": 3
        },
        "0,4"
      ],
      [
        {
          "r": 10,
          "rx": 0,
          "ry": 0,
          "y": 1.85,
          "x": 5.2625,
          "f": 1
        },
        "2,4"
      ],
      [
        {
          "y": 1.0124999999999997,
          "x": 5.125
        },
        "4,3"
      ],
      [
        {
          "y": 0.025000000000000355,
          "x": 4.85,
          "w": 2.25
        },
        "5,2"
      ],
      [
        {
          "r": 11,
          "y": -5.1375,
          "x": 5.85
        },
        "1,5"
      ],
      [
        {
          "y": 1,
          "x": 5.6625
        },
        "3,4"
      ],
      [
        {
          "y": 0.012500000000000178,
          "x": 6.2125
        },
        "4,4"
      ],
      [
        {
          "rx": 3,
          "ry": 4.25,
          "y": -4.1125,
          "x": 2.0999999999999996,
          "f": 3
        },
        "0,5"
      ],
      [
        {
          "r": 12,
          "rx": 0,
          "ry": 0,
          "y": 1.6375,
          "x": 6.35,
          "f": 1
        },
        "2,5"
      ],
      [
        {
          "x": 6.725
        },
        "3,5"
      ],
      [
        {
          "x": 7.2875
        },
        "4,5"
      ],
      [
        {
          "x": 7.2875,
          "f": 3
        },
        "5,3"
      ],
      [
        {
          "r": 13,
          "y": -5.125,
          "x": 6.9,
          "f": 1
        },
        "1,6"
      ],
      [
        {
          "rx": 3,
          "ry": 4.25,
          "y": -4.225,
          "x": 2.9875,
          "f": 3
        },
        "0,6"
      ],
      [
        {
          "r": -14,
          "rx": 0,
          "ry": 0,
          "y": 5.25,
          "x": 7.0125,
          "f": 1
        },
        "8,0"
      ],
      [
        {
          "x": 7.125
        },
        "9,0"
      ],
      [
        {
          "x": 6.5125
        },
        "10,0"
      ],
      [
        {
          "r": -13,
          "y": -5.3875,
          "x": 8.1625,
          "f": 3
        },
        "6,0"
      ],
      [
        {
          "y": 0.25,
          "x": 7.6,
          "f": 1
        },
        "7,0"
      ],
      [
        {
          "y": 2,
          "x": 7.6625
        },
        "10,1"
      ],
      [
        {
          "y": 0.025000000000000355,
          "x": 6.6625,
          "w": 2.75
        },
        "11,0"
      ],
      [
        {
          "r": -12,
          "y": -4.175,
          "x": 8.225
        },
        "8,1"
      ],
      [
        {
          "x": 8.3625
        },
        "9,1"
      ],
      [
        {
          "r": -11,
          "y": -4.425,
          "x": 9.2875,
          "f": 3
        },
        "6,1"
      ],
      [
        {
          "y": 0.2625000000000002,
          "x": 8.775,
          "f": 1
        },
        "7,1"
      ],
      [
        {
          "y": 2,
          "x": 8.9375
        },
        "10,2"
      ],
      [
        {
          "r": -10,
          "y": -3.1625000000000005,
          "x": 9.425
        },
        "8,2"
      ],
      [
        {
          "x": 9.5875
        },
        "9,2"
      ],
      [
        {
          "r": -9,
          "y": -3.1875,
          "x": 9.925
        },
        "7,2"
      ],
      [
        {
          "y": 2,
          "x": 10.2
        },
        "10,3"
      ],
      [
        {
          "x": 10.0125,
          "w": 1.25
        },
        "11,1"
      ],
      [
        {
          "r": -8,
          "y": -6.45,
          "x": 10.675,
          "f": 3
        },
        "6,2"
      ],
      [
        {
          "y": 1.2625000000000002,
          "x": 10.6125,
          "f": 1
        },
        "8,3"
      ],
      [
        {
          "r": -7,
          "y": -2.2,
          "x": 11.075
        },
        "7,3"
      ],
      [
        {
          "y": 1,
          "x": 10.9125
        },
        "9,3"
      ],
      [
        {
          "r": -6,
          "y": -4.4625,
          "x": 11.7625,
          "f": 3
        },
        "6,3"
      ],
      [
        {
          "y": 3.25,
          "x": 11.5625,
          "f": 1
        },
        "10,4"
      ],
      [
        {
          "r": -5,
          "y": -4.2,
          "x": 12.2
        },
        "7,4"
      ],
      [
        {
          "x": 11.8625
        },
        "8,4"
      ],
      [
        {
          "x": 12.1125
        },
        "9,4"
      ],
      [
        {
          "r": -3,
          "y": -4.725,
          "x": 12.875,
          "f": 3
        },